{
  "Editor Camera DO NOT DELETE OR MODIFY": {
    "Physics": {
      "Acceleration": [
        0.0,
        0.0,
        0.0
      ],
      "boundingbox": [
        1.0,
        1.0,
        1.0
      ],
      "controltype": -858993460,
      "customGravity": false,
      "mass": 1.0,
      "pGravity": [
        0.0,
        0.0,
        0.0
      ],
      "planeConstant": 0.0,
      "planeNormal": [
        0.0,
        0.0,
        0.0
      ],
      "radius": 0.0,
      "shape": 1,
      "type": 0,
      "velocity": [
        0.0,
        0.0,
        0.0
      ]
    },
    "Player": null,
    "Transform": {
      "Rotation": {
        "X": 0.0,
        "Y": -0.0,
        "Z": 0.0
      },
      "Scale": {
        "X": 1.0,
        "Y": 1.0,
        "Z": 1.0
      },
      "Translation": {
        "X": 3.906278133392334,
        "Y": 14.04682445526123,
        "Z": 128.4901123046875
      }
    }
  },
  "Floor1": {
    "ModelComponent": {
      "Materials": [
        {
          "name": "pbr_tilesBroken"
        }
      ],
      "MeshTransforms": [
        {
          "Rotation": [
            0.0,
            0.0,
            0.0
          ],
          "Scale": [
            1.0,
            1.0,
            1.0
          ],
          "Translation": [
            0.0,
            0.0,
            0.0
          ]
        }
      ],
      "ModelHandle": "OuterFloors"
    },
    "Transform": {
      "Rotation": {
        "X": 0.0,
        "Y": -0.0,
        "Z": 0.0
      },
      "Scale": {
        "X": 1.0,
        "Y": 1.0,
        "Z": 1.0
      },
      "Translation": {
        "X": -20.55669403076172,
        "Y": 15.683416366577148,
        "Z": 193.1288299560547
      }
    }
  },
  "Passage1": {
    "ModelComponent": {
      "Materials": [
        {
          "name": "pbr_tilesBroken"
        }
      ],
      "MeshTransforms": [
        {
          "Rotation": [
            0.0,
            0.0,
            0.0
          ],
          "Scale": [
            1.0,
            1.0,
            1.0
          ],
          "Translation": [
            0.0,
            0.0,
            0.0
          ]
        }
      ],
      "ModelHandle": "Section1"
    },
    "Transform": {
      "Rotation": {
        "X": 0.0,
        "Y": -0.0,
        "Z": 0.0
      },
      "Scale": {
        "X": 1.0,
        "Y": 1.0,
        "Z": 1.0
      },
      "Translation": {
        "X": -5.048964500427246,
        "Y": -51.573936462402344,
        "Z": 68.44805908203125
      }
    }
  },
  "Roof1": {
    "ModelComponent": {
      "Materials": [
        {
          "name": "pbr_cliffRock"
        }
      ],
      "MeshTransforms": [
        {
          "Rotation": [
            0.0,
            0.0,
            0.0
          ],
          "Scale": [
            1.0,
            1.0,
            1.0
          ],
          "Translation": [
            0.0,
            0.0,
            0.0
          ]
        }
      ],
      "ModelHandle": "OuterWall1"
    },
    "Transform": {
      "Rotation": {
        "X": 0.0,
        "Y": -0.0,
        "Z": 0.0
      },
      "Scale": {
        "X": 1.0,
        "Y": 1.0,
        "Z": 1.0
      },
      "Translation": {
        "X": -4.701173782348633,
        "Y": 15.006416320800781,
        "Z": 68.904296875
      }
    }
  }
}
